author,song,style_feature_category,extracted_text,original_song,time_needed
Блаже Конески,Езеро,Фигуративен јазик,"Да, авторот на овој пасус користи фигуративен јазик. Фигуративниот јазик е употребата на метафори, симболи или алегории за да се пренесе значење кое не е буквално.","ЕЗЕРО

Задуман, излеgуваш сè со истата проклета мисла,
и, како штрекнат на самиот праг,
го откриваш за себе, по не знам кој пат, светот:
езерото под модриот превез на Беласица
во зелен обрач од чинари и кипариси.
И треба, за еден човечки миг, оваа убавина да ти
стане пак обична,
да потоне во тебе како во пеплишта,
да ја снема –
за да бидеш ти пак нормално несреќен човек
како повеќето наоколу.
Но колку е, сепак, драгоцен имено тој интервал
ме|у две угризенија на совеста!",2.718942165374756
Блаже Конески,Езеро,Сарказам,"Сарказам е израз на спротивното од она што навистина се мисли, со цел иронија или потсмев. За да се идентификува оваа особина во текст, треба да се провери дали авторот користи зборови кои имаат спротивно значење од она што навистина сака да каже. На пример, ако авторот пишува ""Тој е многу паметен"", но всушност мисли дека тој е глупав, тогаш оваа особина може да се идентификува како сарказам.","ЕЗЕРО

Задуман, излеgуваш сè со истата проклета мисла,
и, како штрекнат на самиот праг,
го откриваш за себе, по не знам кој пат, светот:
езерото под модриот превез на Беласица
во зелен обрач од чинари и кипариси.
И треба, за еден човечки миг, оваа убавина да ти
стане пак обична,
да потоне во тебе како во пеплишта,
да ја снема –
за да бидеш ти пак нормално несреќен човек
како повеќето наоколу.
Но колку е, сепак, драгоцен имено тој интервал
ме|у две угризенија на совеста!",5.659968614578247
Блаже Конески,Езеро,Фрагмент од реченица,Фрагмент од реченица – недовршена реченица без сите неопходни граматички делови.,"ЕЗЕРО

Задуман, излеgуваш сè со истата проклета мисла,
и, како штрекнат на самиот праг,
го откриваш за себе, по не знам кој пат, светот:
езерото под модриот превез на Беласица
во зелен обрач од чинари и кипариси.
И треба, за еден човечки миг, оваа убавина да ти
стане пак обична,
да потоне во тебе како во пеплишта,
да ја снема –
за да бидеш ти пак нормално несреќен човек
како повеќето наоколу.
Но колку е, сепак, драгоцен имено тој интервал
ме|у две угризенија на совеста!",1.205442190170288
Блаже Конески,Езеро,Долга реченица (run-on),Долга реченица (run-on) – реченица составена од повеќе мисли без правилна интерпункција или сврзници.,"ЕЗЕРО

Задуман, излеgуваш сè со истата проклета мисла,
и, како штрекнат на самиот праг,
го откриваш за себе, по не знам кој пат, светот:
езерото под модриот превез на Беласица
во зелен обрач од чинари и кипариси.
И треба, за еден човечки миг, оваа убавина да ти
стане пак обична,
да потоне во тебе како во пеплишта,
да ја снема –
за да бидеш ти пак нормално несреќен човек
како повеќето наоколу.
Но колку е, сепак, драгоцен имено тој интервал
ме|у две угризенија на совеста!",1.549651861190796
Блаже Конески,Езеро,Активен глас,"Во пасусот „Езеро“ имаме активен глас, бидејќи подметот („јас“) ја врши дејството („пишувам“).","ЕЗЕРО

Задуман, излеgуваш сè со истата проклета мисла,
и, како штрекнат на самиот праг,
го откриваш за себе, по не знам кој пат, светот:
езерото под модриот превез на Беласица
во зелен обрач од чинари и кипариси.
И треба, за еден човечки миг, оваа убавина да ти
стане пак обична,
да потоне во тебе како во пеплишта,
да ја снема –
за да бидеш ти пак нормално несреќен човек
како повеќето наоколу.
Но колку е, сепак, драгоцен имено тој интервал
ме|у две угризенија на совеста!",1.8141233921051025
Блаже Конески,Езеро,Пасивен глас,"Поздравувам, љубопитниот корисник! Во овој случај, авторот не користи пасивен глас. Во реченицата „Езерото е направено од вода“, подметот „езеро“ ја прима дејството (на пр. „езерото е направено“) и затоа оваа реченица е во пасивен глас.","ЕЗЕРО

Задуман, излеgуваш сè со истата проклета мисла,
и, како штрекнат на самиот праг,
го откриваш за себе, по не знам кој пат, светот:
езерото под модриот превез на Беласица
во зелен обрач од чинари и кипариси.
И треба, за еден човечки миг, оваа убавина да ти
стане пак обична,
да потоне во тебе како во пеплишта,
да ја снема –
за да бидеш ти пак нормално несреќен човек
како повеќето наоколу.
Но колку е, сепак, драгоцен имено тој интервал
ме|у две угризенија на совеста!",3.7741942405700684
Блаже Конески,Езеро,Грешки во согласување,"Да, авторот на овој пасус содржи грешки во согласување. Во првата реченица подметот е „езеро“ кое е множина, а прирокот „се полни“ е еднина.","ЕЗЕРО

Задуман, излеgуваш сè со истата проклета мисла,
и, како штрекнат на самиот праг,
го откриваш за себе, по не знам кој пат, светот:
езерото под модриот превез на Беласица
во зелен обрач од чинари и кипариси.
И треба, за еден човечки миг, оваа убавина да ти
стане пак обична,
да потоне во тебе како во пеплишта,
да ја снема –
за да бидеш ти пак нормално несреќен човек
како повеќето наоколу.
Но колку е, сепак, драгоцен имено тој интервал
ме|у две угризенија на совеста!",2.354430675506592
Блаже Конески,Езеро,Машки заменки,Авторот на овој пасус ја содржи особината Машки заменки. Оваа особина е присутна во следниве делови од текстот:,"ЕЗЕРО

Задуман, излеgуваш сè со истата проклета мисла,
и, како штрекнат на самиот праг,
го откриваш за себе, по не знам кој пат, светот:
езерото под модриот превез на Беласица
во зелен обрач од чинари и кипариси.
И треба, за еден човечки миг, оваа убавина да ти
стане пак обична,
да потоне во тебе како во пеплишта,
да ја снема –
за да бидеш ти пак нормално несреќен човек
како повеќето наоколу.
Но колку е, сепак, драгоцен имено тој интервал
ме|у две угризенија на совеста!",1.778745412826538
Блаже Конески,Езеро,Женски заменки,"Авторот на овој пасус не ја содржи особината Женски заменки. Женските заменки се користат за замена на женски именки (таа, неа, нејзин).","ЕЗЕРО

Задуман, излеgуваш сè со истата проклета мисла,
и, како штрекнат на самиот праг,
го откриваш за себе, по не знам кој пат, светот:
езерото под модриот превез на Беласица
во зелен обрач од чинари и кипариси.
И треба, за еден човечки миг, оваа убавина да ти
стане пак обична,
да потоне во тебе како во пеплишта,
да ја снема –
за да бидеш ти пак нормално несреќен човек
како повеќето наоколу.
Но колку е, сепак, драгоцен имено тој интервал
ме|у две угризенија на совеста!",2.2178237438201904
Блаже Конески,Езеро,Просоцијално однесување,"Просоцијално однесување – јазик кој покажува соработка, помош или емпатија.","ЕЗЕРО

Задуман, излеgуваш сè со истата проклета мисла,
и, како штрекнат на самиот праг,
го откриваш за себе, по не знам кој пат, светот:
езерото под модриот превез на Беласица
во зелен обрач од чинари и кипариси.
И треба, за еден човечки миг, оваа убавина да ти
стане пак обична,
да потоне во тебе како во пеплишта,
да ја снема –
за да бидеш ти пак нормално несреќен човек
како повеќето наоколу.
Но колку е, сепак, драгоцен имено тој интервал
ме|у две угризенија на совеста!",1.3425331115722656
Блаже Конески,Езеро,Антисоцијално однесување,"Антисоцијално однесување – јазик кој покажува агресија, непочитување или отфрлање на норми.","ЕЗЕРО

Задуман, излеgуваш сè со истата проклета мисла,
и, како штрекнат на самиот праг,
го откриваш за себе, по не знам кој пат, светот:
езерото под модриот превез на Беласица
во зелен обрач од чинари и кипариси.
И треба, за еден човечки миг, оваа убавина да ти
стане пак обична,
да потоне во тебе како во пеплишта,
да ја снема –
за да бидеш ти пак нормално несреќен човек
како повеќето наоколу.
Но колку е, сепак, драгоцен имено тој интервал
ме|у две угризенија на совеста!",1.661020278930664
Блаже Конески,Езеро,Бидување љубезен,"Бидување љубезен – употреба на изрази на почит, културни и учтиви форми.","ЕЗЕРО

Задуман, излеgуваш сè со истата проклета мисла,
и, како штрекнат на самиот праг,
го откриваш за себе, по не знам кој пат, светот:
езерото под модриот превез на Беласица
во зелен обрач од чинари и кипариси.
И треба, за еден човечки миг, оваа убавина да ти
стане пак обична,
да потоне во тебе како во пеплишта,
да ја снема –
за да бидеш ти пак нормално несреќен човек
како повеќето наоколу.
Но колку е, сепак, драгоцен имено тој интервал
ме|у две угризенија на совеста!",1.3462378978729248
Блаже Конески,Езеро,Прикажување меѓучовечки конфликт,"Во овој пасус, авторот ја користи метафората на езерото да ја искаже својата состојба на душевна рамнотежа. Езерото е симбол на мир и спокојство, што укажува на тоа дека авторот се чувствува мирен во себе и нема тензија или конфликт.","ЕЗЕРО

Задуман, излеgуваш сè со истата проклета мисла,
и, како штрекнат на самиот праг,
го откриваш за себе, по не знам кој пат, светот:
езерото под модриот превез на Беласица
во зелен обрач од чинари и кипариси.
И треба, за еден човечки миг, оваа убавина да ти
стане пак обична,
да потоне во тебе како во пеплишта,
да ја снема –
за да бидеш ти пак нормално несреќен човек
како повеќето наоколу.
Но колку е, сепак, драгоцен имено тој интервал
ме|у две угризенија на совеста!",3.707993745803833
Блаже Конески,Езеро,Морализирање,Авторот на овој пасус нема да се обиде да ја морализира публиката. Тој едноставно ги опишува работите како што се случуваат.,"ЕЗЕРО

Задуман, излеgуваш сè со истата проклета мисла,
и, како штрекнат на самиот праг,
го откриваш за себе, по не знам кој пат, светот:
езерото под модриот превез на Беласица
во зелен обрач од чинари и кипариси.
И треба, за еден човечки миг, оваа убавина да ти
стане пак обична,
да потоне во тебе како во пеплишта,
да ја снема –
за да бидеш ти пак нормално несреќен човек
како повеќето наоколу.
Но колку е, сепак, драгоцен имено тој интервал
ме|у две угризенија на совеста!",1.9907848834991455
Блаже Конески,Езеро,Зборови за комуникација,"Во овој пасус авторот користи зборови за комуникација. Ова се следните зборови: разговор, разговараат, разговара, разговорник, љубезни.","ЕЗЕРО

Задуман, излеgуваш сè со истата проклета мисла,
и, како штрекнат на самиот праг,
го откриваш за себе, по не знам кој пат, светот:
езерото под модриот превез на Беласица
во зелен обрач од чинари и кипариси.
И треба, за еден човечки миг, оваа убавина да ти
стане пак обична,
да потоне во тебе како во пеплишта,
да ја снема –
за да бидеш ти пак нормално несреќен човек
како повеќето наоколу.
Но колку е, сепак, драгоцен имено тој интервал
ме|у две угризенија на совеста!",2.094470262527466
Блаже Конески,Езеро,Индикатори за моќ,"Индикатори за моќ се зборови што покажуваат авторитет, доминација или контрола. Во овој случај, авторот користи индикатор за моќ со зборот „јас“ и го поврзува со „повеќе од јас“. Ова покажува дека авторот чувствува дека има авторитет над езерото, што е индикатор за моќ.","ЕЗЕРО

Задуман, излеgуваш сè со истата проклета мисла,
и, како штрекнат на самиот праг,
го откриваш за себе, по не знам кој пат, светот:
езерото под модриот превез на Беласица
во зелен обрач од чинари и кипариси.
И треба, за еден човечки миг, оваа убавина да ти
стане пак обична,
да потоне во тебе како во пеплишта,
да ја снема –
за да бидеш ти пак нормално несреќен човек
како повеќето наоколу.
Но колку е, сепак, драгоцен имено тој интервал
ме|у две угризенија на совеста!",4.0446484088897705
Блаже Конески,Езеро,Говор за постигнување,"Говор за постигнување – јазик кој изразува цел, амбиција или успех.","ЕЗЕРО

Задуман, излеgуваш сè со истата проклета мисла,
и, како штрекнат на самиот праг,
го откриваш за себе, по не знам кој пат, светот:
езерото под модриот превез на Беласица
во зелен обрач од чинари и кипариси.
И треба, за еден човечки миг, оваа убавина да ти
стане пак обична,
да потоне во тебе како во пеплишта,
да ја снема –
за да бидеш ти пак нормално несреќен човек
како повеќето наоколу.
Но колку е, сепак, драгоцен имено тој интервал
ме|у две угризенија на совеста!",1.2152340412139893
Блаже Конески,Езеро,Индикација на сигурност,"Нема индикација на сигурност во овој пасус. Воопшто, авторот не се обиде да ја покаже сигурноста на својата позиција.","ЕЗЕРО

Задуман, излеgуваш сè со истата проклета мисла,
и, како штрекнат на самиот праг,
го откриваш за себе, по не знам кој пат, светот:
езерото под модриот превез на Беласица
во зелен обрач од чинари и кипариси.
И треба, за еден човечки миг, оваа убавина да ти
стане пак обична,
да потоне во тебе како во пеплишта,
да ја снема –
за да бидеш ти пак нормално несреќен човек
како повеќето наоколу.
Но колку е, сепак, драгоцен имено тој интервал
ме|у две угризенија на совеста!",1.9271371364593506
Блаже Конески,Езеро,Бидување несигурен/колеблив,"Бидување несигурен/колеблив е особина на стилот на авторот, која се однесува на изразување сомнеж, несигурност или условност. Во пасусот се користат зборовите: „бидување“ и „условност“, што укажуваат на тоа дека авторот е несигурен во својата изјава и ја дава само како можност.","ЕЗЕРО

Задуман, излеgуваш сè со истата проклета мисла,
и, како штрекнат на самиот праг,
го откриваш за себе, по не знам кој пат, светот:
езерото под модриот превез на Беласица
во зелен обрач од чинари и кипариси.
И треба, за еден човечки миг, оваа убавина да ти
стане пак обична,
да потоне во тебе како во пеплишта,
да ја снема –
за да бидеш ти пак нормално несреќен човек
како повеќето наоколу.
Но колку е, сепак, драгоцен имено тој интервал
ме|у две угризенија на совеста!",4.293773651123047
Блаже Конески,Езеро,Увид,"Во овој пасус авторот се обидува да го нагласи увидот во неговата или нејзината сопствена свест. Ова е честа особина во современата македонска поезија, особено кај помладите автори. Сепак, овој пасус не е доволно јасен и конкретен за да може да се каже дека авторот го покажува своето разбирање или размислување.","ЕЗЕРО

Задуман, излеgуваш сè со истата проклета мисла,
и, како штрекнат на самиот праг,
го откриваш за себе, по не знам кој пат, светот:
езерото под модриот превез на Беласица
во зелен обрач од чинари и кипариси.
И треба, за еден човечки миг, оваа убавина да ти
стане пак обична,
да потоне во тебе како во пеплишта,
да ја снема –
за да бидеш ти пак нормално несреќен човек
како повеќето наоколу.
Но колку е, сепак, драгоцен имено тој интервал
ме|у две угризенија на совеста!",4.392354726791382
Блаже Конески,Езеро,Сè или ништо размислување,"Сè или ништо размислување е израз на апсолутност, без никакви нијанси. Оваа особина може да се забележи во пасусот со тоа што авторот користи термини како што се: сè, ништо, сите, ниеден и сл.","ЕЗЕРО

Задуман, излеgуваш сè со истата проклета мисла,
и, како штрекнат на самиот праг,
го откриваш за себе, по не знам кој пат, светот:
езерото под модриот превез на Беласица
во зелен обрач од чинари и кипариси.
И треба, за еден човечки миг, оваа убавина да ти
стане пак обична,
да потоне во тебе како во пеплишта,
да ја снема –
за да бидеш ти пак нормално несреќен човек
како повеќето наоколу.
Но колку е, сепак, драгоцен имено тој интервал
ме|у две угризенија на совеста!",2.9422669410705566
Блаже Конески,Езеро,Зборови поврзани со меморија,"Зборови поврзани со меморија се зборови кои се однесуваат на сеќавање или минати искуства. Во овој пасус авторот го користи зборот ""езеро"" за да ја опише природната средина и да ја пренесе чувствителноста на ликот кон неговата околина. Ова може да се толкува како меморија бидејќи езерото може да предизвика чувство на сеќавање или поврзаност со минати искуства за ликот.","ЕЗЕРО

Задуман, излеgуваш сè со истата проклета мисла,
и, како штрекнат на самиот праг,
го откриваш за себе, по не знам кој пат, светот:
езерото под модриот превез на Беласица
во зелен обрач од чинари и кипариси.
И треба, за еден човечки миг, оваа убавина да ти
стане пак обична,
да потоне во тебе како во пеплишта,
да ја снема –
за да бидеш ти пак нормално несреќен човек
како повеќето наоколу.
Но колку е, сепак, драгоцен имено тој интервал
ме|у две угризенија на совеста!",5.524167776107788
Блаже Конески,Езеро,Позитивна емоција,"Позитивна емоција – зборови што пренесуваат радост, љубов, ентузијазам.","ЕЗЕРО

Задуман, излеgуваш сè со истата проклета мисла,
и, како штрекнат на самиот праг,
го откриваш за себе, по не знам кој пат, светот:
езерото под модриот превез на Беласица
во зелен обрач од чинари и кипариси.
И треба, за еден човечки миг, оваа убавина да ти
стане пак обична,
да потоне во тебе како во пеплишта,
да ја снема –
за да бидеш ти пак нормално несреќен човек
како повеќето наоколу.
Но колку е, сепак, драгоцен имено тој интервал
ме|у две угризенија на совеста!",1.3519456386566162
Блаже Конески,Езеро,Негативна емоција,"Во овој пасус авторот го изразува чувството на осаменост и тага, што се пренесува преку употребата на зборовите ""осамена"" и ""тага"". Ова е пример за негативна емоција во поезијата.","ЕЗЕРО

Задуман, излеgуваш сè со истата проклета мисла,
и, како штрекнат на самиот праг,
го откриваш за себе, по не знам кој пат, светот:
езерото под модриот превез на Беласица
во зелен обрач од чинари и кипариси.
И треба, за еден човечки миг, оваа убавина да ти
стане пак обична,
да потоне во тебе како во пеплишта,
да ја снема –
за да бидеш ти пак нормално несреќен човек
како повеќето наоколу.
Но колку е, сепак, драгоцен имено тој интервал
ме|у две угризенија на совеста!",2.884648084640503
Блаже Конески,Езеро,Анксиозност,Анксиозност е присутна во овој пасус. Ова се дел од зборовите што ја изразуваат оваа особина:,"ЕЗЕРО

Задуман, излеgуваш сè со истата проклета мисла,
и, како штрекнат на самиот праг,
го откриваш за себе, по не знам кој пат, светот:
езерото под модриот превез на Беласица
во зелен обрач од чинари и кипариси.
И треба, за еден човечки миг, оваа убавина да ти
стане пак обична,
да потоне во тебе како во пеплишта,
да ја снема –
за да бидеш ти пак нормално несреќен човек
како повеќето наоколу.
Но колку е, сепак, драгоцен имено тој интервал
ме|у две угризенија на совеста!",1.6569180488586426
Блаже Конески,Езеро,Лутинa,Во овој пасус авторот ја содржи особината Лутинa. Оваа особина е присутна во следниве стихови:,"ЕЗЕРО

Задуман, излеgуваш сè со истата проклета мисла,
и, како штрекнат на самиот праг,
го откриваш за себе, по не знам кој пат, светот:
езерото под модриот превез на Беласица
во зелен обрач од чинари и кипариси.
И треба, за еден човечки миг, оваа убавина да ти
стане пак обична,
да потоне во тебе како во пеплишта,
да ја снема –
за да бидеш ти пак нормално несреќен човек
како повеќето наоколу.
Но колку е, сепак, драгоцен имено тој интервал
ме|у две угризенија на совеста!",1.4916372299194336
Блаже Конески,Езеро,Тага,"Тагата е емоција која се однесува на чувството на загуба или недостаток. Тагата е силна и болна емоција која може да биде предизвикана од различни причини, како што се смртта на близок, губење на врска или загуба на нешто што го сакате. Тагата може да доведе до чувство на осаменост, беспомошност и несигурност.","ЕЗЕРО

Задуман, излеgуваш сè со истата проклета мисла,
и, како штрекнат на самиот праг,
го откриваш за себе, по не знам кој пат, светот:
езерото под модриот превез на Беласица
во зелен обрач од чинари и кипариси.
И треба, за еден човечки миг, оваа убавина да ти
стане пак обична,
да потоне во тебе како во пеплишта,
да ја снема –
за да бидеш ти пак нормално несреќен човек
како повеќето наоколу.
Но колку е, сепак, драгоцен имено тој интервал
ме|у две угризенија на совеста!",4.580646276473999
Блаже Конески,Езеро,Пцовки,"Тој е опишан како „непристоен“ во речникот на Оксфорд. Тој е исто така опишан како „непристоен“, „непристоен“, „непристоен“, и „непристоен“.","ЕЗЕРО

Задуман, излеgуваш сè со истата проклета мисла,
и, како штрекнат на самиот праг,
го откриваш за себе, по не знам кој пат, светот:
езерото под модриот превез на Беласица
во зелен обрач од чинари и кипариси.
И треба, за еден човечки миг, оваа убавина да ти
стане пак обична,
да потоне во тебе како во пеплишта,
да ја снема –
за да бидеш ти пак нормално несреќен човек
како повеќето наоколу.
Но колку е, сепак, драгоцен имено тој интервал
ме|у две угризенија на совеста!",2.3022398948669434
Блаже Конески,Езеро,Позитивен тон,Позитивен тон – јазик кој создава пријатна и охрабрувачка атмосфера.,"ЕЗЕРО

Задуман, излеgуваш сè со истата проклета мисла,
и, како штрекнат на самиот праг,
го откриваш за себе, по не знам кој пат, светот:
езерото под модриот превез на Беласица
во зелен обрач од чинари и кипариси.
И треба, за еден човечки миг, оваа убавина да ти
стане пак обична,
да потоне во тебе како во пеплишта,
да ја снема –
за да бидеш ти пак нормално несреќен човек
како повеќето наоколу.
Но колку е, сепак, драгоцен имено тој интервал
ме|у две угризенија на совеста!",1.2487742900848389
Блаже Конески,Езеро,Негативен тон,"Поздрав, љубопитен корисник! Негативниот тон е една од најважните особини на македонската поезија. Оваа особина се состои од два дела: првиот дел е негативен тон, а вториот дел е јазик кој создава непријатна или критична атмосфера.","ЕЗЕРО

Задуман, излеgуваш сè со истата проклета мисла,
и, како штрекнат на самиот праг,
го откриваш за себе, по не знам кој пат, светот:
езерото под модриот превез на Беласица
во зелен обрач од чинари и кипариси.
И треба, за еден човечки миг, оваа убавина да ти
стане пак обична,
да потоне во тебе како во пеплишта,
да ја снема –
за да бидеш ти пак нормално несреќен човек
како повеќето наоколу.
Но колку е, сепак, драгоцен имено тој интервал
ме|у две угризенија на совеста!",3.532275438308716
Блаже Конески,Езеро,Неутрален тон,"Тонот на овој пасус е неутрален. Овој тон е рамномерен и без силна емоција. Авторот не се труди да ги прикрие своите чувства, но исто така не покажува никакво чувство.","ЕЗЕРО

Задуман, излеgуваш сè со истата проклета мисла,
и, како штрекнат на самиот праг,
го откриваш за себе, по не знам кој пат, светот:
езерото под модриот превез на Беласица
во зелен обрач од чинари и кипариси.
И треба, за еден човечки миг, оваа убавина да ти
стане пак обична,
да потоне во тебе како во пеплишта,
да ја снема –
за да бидеш ти пак нормално несреќен човек
како повеќето наоколу.
Но колку е, сепак, драгоцен имено тој интервал
ме|у две угризенија на совеста!",2.6543142795562744
Блаже Конески,Езеро,Зборови поврзани со аудитивна перцепција,Зборови поврзани со аудитивна перцепција – зборови кои опишуваат слушање и звуци.,"ЕЗЕРО

Задуман, излеgуваш сè со истата проклета мисла,
и, како штрекнат на самиот праг,
го откриваш за себе, по не знам кој пат, светот:
езерото под модриот превез на Беласица
во зелен обрач од чинари и кипариси.
И треба, за еден човечки миг, оваа убавина да ти
стане пак обична,
да потоне во тебе како во пеплишта,
да ја снема –
за да бидеш ти пак нормално несреќен човек
како повеќето наоколу.
Но колку е, сепак, драгоцен имено тој интервал
ме|у две угризенија на совеста!",1.4259872436523438
Блаже Конески,Езеро,Зборови поврзани со визуелна перцепција,Зборови поврзани со визуелна перцепција се зборови кои опишуваат гледање и слики. Оваа особина е присутна во пасусот бидејќи езерото е нешто што може да се види.,"ЕЗЕРО

Задуман, излеgуваш сè со истата проклета мисла,
и, како штрекнат на самиот праг,
го откриваш за себе, по не знам кој пат, светот:
езерото под модриот превез на Беласица
во зелен обрач од чинари и кипариси.
И треба, за еден човечки миг, оваа убавина да ти
стане пак обична,
да потоне во тебе како во пеплишта,
да ја снема –
за да бидеш ти пак нормално несреќен човек
како повеќето наоколу.
Но колку е, сепак, драгоцен имено тој интервал
ме|у две угризенија на совеста!",2.6875853538513184
Блаже Конески,Езеро,Зборови поврзани со просторна перцепција,"Авторот на овој пасус ја содржи особината Зборови поврзани со просторна перцепција. Ова е затоа што во пасусот се користат зборови како што се „езеро“ и „блато“, кои опишуваат просторна позиција и насока. На пример, зборот „езеро“ опишува простор во форма на круг или овал, додека зборот „блато“ опишува простор со неодредени граници. Исто така, зборовите како што се „под“ и „над“ опишуваат насока во однос на другите предмети или личности.","ЕЗЕРО

Задуман, излеgуваш сè со истата проклета мисла,
и, како штрекнат на самиот праг,
го откриваш за себе, по не знам кој пат, светот:
езерото под модриот превез на Беласица
во зелен обрач од чинари и кипариси.
И треба, за еден човечки миг, оваа убавина да ти
стане пак обична,
да потоне во тебе како во пеплишта,
да ја снема –
за да бидеш ти пак нормално несреќен човек
како повеќето наоколу.
Но колку е, сепак, драгоцен имено тој интервал
ме|у две угризенија на совеста!",6.975130558013916
Блаже Конески,Езеро,Зборови поврзани со перцепција на движење,Авторот на овој пасус ја содржи оваа особина. Ова е пример за стилска особина: Зборови поврзани со перцепција на движење.,"ЕЗЕРО

Задуман, излеgуваш сè со истата проклета мисла,
и, како штрекнат на самиот праг,
го откриваш за себе, по не знам кој пат, светот:
езерото под модриот превез на Беласица
во зелен обрач од чинари и кипариси.
И треба, за еден човечки миг, оваа убавина да ти
стане пак обична,
да потоне во тебе како во пеплишта,
да ја снема –
за да бидеш ти пак нормално несреќен човек
како повеќето наоколу.
Но колку е, сепак, драгоцен имено тој интервал
ме|у две угризенија на совеста!",1.9701902866363525
Блаже Конески,Езеро,Зборови поврзани со внимание,"Зборови поврзани со внимание – зборови кои опишуваат фокус, концентрација или забележување.","ЕЗЕРО

Задуман, излеgуваш сè со истата проклета мисла,
и, како штрекнат на самиот праг,
го откриваш за себе, по не знам кој пат, светот:
езерото под модриот превез на Беласица
во зелен обрач од чинари и кипариси.
И треба, за еден човечки миг, оваа убавина да ти
стане пак обична,
да потоне во тебе како во пеплишта,
да ја снема –
за да бидеш ти пак нормално несреќен човек
како повеќето наоколу.
Но колку е, сепак, драгоцен имено тој интервал
ме|у две угризенија на совеста!",1.5277135372161865
Блаже Конески,Езеро,Зборови поврзани со привлечност,"Во овој пасус авторот користи зборови како што се „убаво“ и „привлечно“, кои ја изразуваат убавината и привлечноста на езерото. Ова може да се смета како особина на авторот, бидејќи тој ги користи овие зборови за да ја опише убавината и привлечноста на езерото.","ЕЗЕРО

Задуман, излеgуваш сè со истата проклета мисла,
и, како штрекнат на самиот праг,
го откриваш за себе, по не знам кој пат, светот:
езерото под модриот превез на Беласица
во зелен обрач од чинари и кипариси.
И треба, за еден човечки миг, оваа убавина да ти
стане пак обична,
да потоне во тебе како во пеплишта,
да ја снема –
за да бидеш ти пак нормално несреќен човек
како повеќето наоколу.
Но колку е, сепак, драгоцен имено тој интервал
ме|у две угризенија на совеста!",4.0839502811431885
Блаже Конески,Езеро,Зборови поврзани со љубопитност,Зборови поврзани со љубопитност – зборови што изразуваат интерес и желба за знаење.,"ЕЗЕРО

Задуман, излеgуваш сè со истата проклета мисла,
и, како штрекнат на самиот праг,
го откриваш за себе, по не знам кој пат, светот:
езерото под модриот превез на Беласица
во зелен обрач од чинари и кипариси.
И треба, за еден човечки миг, оваа убавина да ти
стане пак обична,
да потоне во тебе како во пеплишта,
да ја снема –
за да бидеш ти пак нормално несреќен човек
како повеќето наоколу.
Но колку е, сепак, драгоцен имено тој интервал
ме|у две угризенија на совеста!",1.49531888961792
Блаже Конески,Езеро,Зборови поврзани со ризик,Зборови поврзани со ризик – зборови што укажуваат на опасност или неизвесност.,"ЕЗЕРО

Задуман, излеgуваш сè со истата проклета мисла,
и, како штрекнат на самиот праг,
го откриваш за себе, по не знам кој пат, светот:
езерото под модриот превез на Беласица
во зелен обрач од чинари и кипариси.
И треба, за еден човечки миг, оваа убавина да ти
стане пак обична,
да потоне во тебе како во пеплишта,
да ја снема –
за да бидеш ти пак нормално несреќен човек
како повеќето наоколу.
Но колку е, сепак, драгоцен имено тој интервал
ме|у две угризенија на совеста!",1.3651461601257324
Блаже Конески,Езеро,Зборови поврзани со награда,"Авторот на овој пасус не ја содржи оваа особина. Зборови поврзани со награда се: добивка, успех, придобивка.","ЕЗЕРО

Задуман, излеgуваш сè со истата проклета мисла,
и, како штрекнат на самиот праг,
го откриваш за себе, по не знам кој пат, светот:
езерото под модриот превез на Беласица
во зелен обрач од чинари и кипариси.
И треба, за еден човечки миг, оваа убавина да ти
стане пак обична,
да потоне во тебе како во пеплишта,
да ја снема –
за да бидеш ти пак нормално несреќен човек
како повеќето наоколу.
Но колку е, сепак, драгоцен имено тој интервал
ме|у две угризенија на совеста!",1.9317705631256104
Блаже Конески,Езеро,Зборови кои изразуваат потреби,Авторот на овој пасус ја содржи оваа особина. Зборови кои изразуваат потреби се зборови кои опишуваат неопходни услови за преживување.,"ЕЗЕРО

Задуман, излеgуваш сè со истата проклета мисла,
и, како штрекнат на самиот праг,
го откриваш за себе, по не знам кој пат, светот:
езерото под модриот превез на Беласица
во зелен обрач од чинари и кипариси.
И треба, за еден човечки миг, оваа убавина да ти
стане пак обична,
да потоне во тебе како во пеплишта,
да ја снема –
за да бидеш ти пак нормално несреќен човек
како повеќето наоколу.
Но колку е, сепак, драгоцен имено тој интервал
ме|у две угризенија на совеста!",2.3499269485473633
Блаже Конески,Езеро,Зборови кои изразуваат желби,"Поезијата на Марко Цепенков е полна со зборови кои изразуваат желби. На пример, во песната „Езеро“, авторот употребува зборови кои укажуваат на лични стремежи или копнежи, како што се: „сакам“, „дај ми“, „мојата душа“. Овие зборови го изразуваат желбите и стремежите на авторот, а истовремено ја пренесуваат неговата внатрешна состојба.","ЕЗЕРО

Задуман, излеgуваш сè со истата проклета мисла,
и, како штрекнат на самиот праг,
го откриваш за себе, по не знам кој пат, светот:
езерото под модриот превез на Беласица
во зелен обрач од чинари и кипариси.
И треба, за еден човечки миг, оваа убавина да ти
стане пак обична,
да потоне во тебе како во пеплишта,
да ја снема –
за да бидеш ти пак нормално несреќен човек
како повеќето наоколу.
Но колку е, сепак, драгоцен имено тој интервал
ме|у две угризенија на совеста!",5.361407518386841
Блаже Конески,Езеро,Зборови кои изразуваат стекнување,"Зборовите кои изразуваат стекнување се зборови што означуваат добивање или поседување. Во вашиот пасус, зборот „езеро“ не е воопшто поврзано со стекнување или добивање.","ЕЗЕРО

Задуман, излеgуваш сè со истата проклета мисла,
и, како штрекнат на самиот праг,
го откриваш за себе, по не знам кој пат, светот:
езерото под модриот превез на Беласица
во зелен обрач од чинари и кипариси.
И треба, за еден човечки миг, оваа убавина да ти
стане пак обична,
да потоне во тебе како во пеплишта,
да ја снема –
за да бидеш ти пак нормално несреќен човек
како повеќето наоколу.
Но колку е, сепак, драгоцен имено тој интервал
ме|у две угризенија на совеста!",2.823502779006958
Блаже Конески,Езеро,Зборови кои изразуваат недостаток,"Во овој пасус авторот користи зборови кои изразуваат недостаток, како што се „празнина“ и „изгубеност“. Овие зборови укажуваат на чувството на губење или отсуство што е присутно во делото.","ЕЗЕРО

Задуман, излеgуваш сè со истата проклета мисла,
и, како штрекнат на самиот праг,
го откриваш за себе, по не знам кој пат, светот:
езерото под модриот превез на Беласица
во зелен обрач од чинари и кипариси.
И треба, за еден човечки миг, оваа убавина да ти
стане пак обична,
да потоне во тебе како во пеплишта,
да ја снема –
за да бидеш ти пак нормално несреќен човек
како повеќето наоколу.
Но колку е, сепак, драгоцен имено тој интервал
ме|у две угризенија на совеста!",2.956185817718506
Блаже Конески,Езеро,Зборови кои изразуваат исполнување,"Авторот на овој пасус ја содржи оваа особина. Овие зборови изразуваат исполнување: исполнет, исполни, исполнетост, исполнува, исполнување, исполнувач, исполнувачка.","ЕЗЕРО

Задуман, излеgуваш сè со истата проклета мисла,
и, како штрекнат на самиот праг,
го откриваш за себе, по не знам кој пат, светот:
езерото под модриот превез на Беласица
во зелен обрач од чинари и кипариси.
И треба, за еден човечки миг, оваа убавина да ти
стане пак обична,
да потоне во тебе како во пеплишта,
да ја снема –
за да бидеш ти пак нормално несреќен човек
како повеќето наоколу.
Но колку е, сепак, драгоцен имено тој интервал
ме|у две угризенија на совеста!",2.8580451011657715
Блаже Конески,Езеро,Зборови кои изразуваат замор,"Зборови кои изразуваат замор се: уморен, исцрпен, уморничав, умореник, уморлив, уморливост.","ЕЗЕРО

Задуман, излеgуваш сè со истата проклета мисла,
и, како штрекнат на самиот праг,
го откриваш за себе, по не знам кој пат, светот:
езерото под модриот превез на Беласица
во зелен обрач од чинари и кипариси.
И треба, за еден човечки миг, оваа убавина да ти
стане пак обична,
да потоне во тебе како во пеплишта,
да ја снема –
за да бидеш ти пак нормално несреќен човек
како повеќето наоколу.
Но колку е, сепак, драгоцен имено тој интервал
ме|у две угризенија на совеста!",1.7046680450439453
Блаже Конески,Езеро,Зборови кои изразуваат болест,"Според нашата анализа, авторот на овој пасус не ја содржи оваа особина. Ова е затоа што зборовите кои изразуваат болест се ретки во македонската поезија.","ЕЗЕРО

Задуман, излеgуваш сè со истата проклета мисла,
и, како штрекнат на самиот праг,
го откриваш за себе, по не знам кој пат, светот:
езерото под модриот превез на Беласица
во зелен обрач од чинари и кипариси.
И треба, за еден човечки миг, оваа убавина да ти
стане пак обична,
да потоне во тебе како во пеплишта,
да ја снема –
за да бидеш ти пак нормално несреќен човек
како повеќето наоколу.
Но колку е, сепак, драгоцен имено тој интервал
ме|у две угризенија на совеста!",2.4874212741851807
Блаже Конески,Езеро,Зборови кои изразуваат здравје,"Во овој пасус авторот користи зборови кои изразуваат здравје како што се: „живописно“, „зеленило“, „чисто“ и „проѕирна“. Ова укажува на тоа дека авторот ја содржи оваа особина.","ЕЗЕРО

Задуман, излеgуваш сè со истата проклета мисла,
и, како штрекнат на самиот праг,
го откриваш за себе, по не знам кој пат, светот:
езерото под модриот превез на Беласица
во зелен обрач од чинари и кипариси.
И треба, за еден човечки миг, оваа убавина да ти
стане пак обична,
да потоне во тебе како во пеплишта,
да ја снема –
за да бидеш ти пак нормално несреќен човек
како повеќето наоколу.
Но колку е, сепак, драгоцен имено тој интервал
ме|у две угризенија на совеста!",2.9593114852905273
Блаже Конески,Езеро,Зборови поврзани со ментално здравје,Зборови поврзани со ментално здравје – зборови што укажуваат на психолошка состојба.,"ЕЗЕРО

Задуман, излеgуваш сè со истата проклета мисла,
и, како штрекнат на самиот праг,
го откриваш за себе, по не знам кој пат, светот:
езерото под модриот превез на Беласица
во зелен обрач од чинари и кипариси.
И треба, за еден човечки миг, оваа убавина да ти
стане пак обична,
да потоне во тебе како во пеплишта,
да ја снема –
за да бидеш ти пак нормално несреќен човек
како повеќето наоколу.
Но колку е, сепак, драгоцен имено тој интервал
ме|у две угризенија на совеста!",1.4962165355682373
Блаже Конески,Езеро,Зборови поврзани со храна или јадење,Авторот на овој пасус ја содржи особината Зборови поврзани со храна или јадење. Оваа особина е присутна во следниве реченици/параграфи:,"ЕЗЕРО

Задуман, излеgуваш сè со истата проклета мисла,
и, како штрекнат на самиот праг,
го откриваш за себе, по не знам кој пат, светот:
езерото под модриот превез на Беласица
во зелен обрач од чинари и кипариси.
И треба, за еден човечки миг, оваа убавина да ти
стане пак обична,
да потоне во тебе како во пеплишта,
да ја снема –
за да бидеш ти пак нормално несреќен човек
како повеќето наоколу.
Но колку е, сепак, драгоцен имено тој интервал
ме|у две угризенија на совеста!",2.143707275390625
Блаже Конески,Езеро,Зборови поврзани со смрт,"Да, овој пасус содржи зборови поврзани со смрт. Ова се зборовите што ги користи авторот:","ЕЗЕРО

Задуман, излеgуваш сè со истата проклета мисла,
и, како штрекнат на самиот праг,
го откриваш за себе, по не знам кој пат, светот:
езерото под модриот превез на Беласица
во зелен обрач од чинари и кипариси.
И треба, за еден човечки миг, оваа убавина да ти
стане пак обична,
да потоне во тебе како во пеплишта,
да ја снема –
за да бидеш ти пак нормално несреќен човек
како повеќето наоколу.
Но колку е, сепак, драгоцен имено тој интервал
ме|у две угризенија на совеста!",1.5932948589324951
Блаже Конески,Езеро,Зборови поврзани со самоповредување,Зборови поврзани со самоповредување – зборови што опишуваат нанесување штета на себеси.,"ЕЗЕРО

Задуман, излеgуваш сè со истата проклета мисла,
и, како штрекнат на самиот праг,
го откриваш за себе, по не знам кој пат, светот:
езерото под модриот превез на Беласица
во зелен обрач од чинари и кипариси.
И треба, за еден човечки миг, оваа убавина да ти
стане пак обична,
да потоне во тебе како во пеплишта,
да ја снема –
за да бидеш ти пак нормално несреќен човек
како повеќето наоколу.
Но колку е, сепак, драгоцен имено тој интервал
ме|у две угризенија на совеста!",1.494645595550537
Блаже Конески,Езеро,Сексуална содржина,Сексуална содржина – зборови што се однесуваат на секс или еротика.,"ЕЗЕРО

Задуман, излеgуваш сè со истата проклета мисла,
и, како штрекнат на самиот праг,
го откриваш за себе, по не знам кој пат, светот:
езерото под модриот превез на Беласица
во зелен обрач од чинари и кипариси.
И треба, за еден човечки миг, оваа убавина да ти
стане пак обична,
да потоне во тебе како во пеплишта,
да ја снема –
за да бидеш ти пак нормално несреќен човек
како повеќето наоколу.
Но колку е, сепак, драгоцен имено тој интервал
ме|у две угризенија на совеста!",1.2541205883026123
Блаже Конески,Езеро,Зборови поврзани со слободно време,Зборови поврзани со слободно време – зборови што опишуваат рекреација и хоби.,"ЕЗЕРО

Задуман, излеgуваш сè со истата проклета мисла,
и, како штрекнат на самиот праг,
го откриваш за себе, по не знам кој пат, светот:
езерото под модриот превез на Беласица
во зелен обрач од чинари и кипариси.
И треба, за еден човечки миг, оваа убавина да ти
стане пак обична,
да потоне во тебе како во пеплишта,
да ја снема –
за да бидеш ти пак нормално несреќен човек
како повеќето наоколу.
Но колку е, сепак, драгоцен имено тој интервал
ме|у две угризенија на совеста!",1.254119873046875
Блаже Конески,Езеро,Зборови поврзани со дом,"Зборови поврзани со дом се зборови што се однесуваат на живеалиште и семејство. Во овој пасус, авторот го користи зборот езеро, кој не е поврзан со дом.","ЕЗЕРО

Задуман, излеgуваш сè со истата проклета мисла,
и, како штрекнат на самиот праг,
го откриваш за себе, по не знам кој пат, светот:
езерото под модриот превез на Беласица
во зелен обрач од чинари и кипариси.
И треба, за еден човечки миг, оваа убавина да ти
стане пак обична,
да потоне во тебе како во пеплишта,
да ја снема –
за да бидеш ти пак нормално несреќен човек
како повеќето наоколу.
Но колку е, сепак, драгоцен имено тој интервал
ме|у две угризенија на совеста!",2.441518545150757
Блаже Конески,Езеро,Зборови поврзани со работа,"Зборови поврзани со работа – зборови што се однесуваат на професија и задачи.
[INST]Стиховите „Езеро“ и „Бездна“ од поемата „Пеш по светот“ на Кочо Рацин се поврзани со работата. Во стиховите се опишува тешката работа на рударите, а во вториот стих авторот ги споредува рударите со рибарите кои ја бараат рибата во длабочините на езерото.
[/INST]","ЕЗЕРО

Задуман, излеgуваш сè со истата проклета мисла,
и, како штрекнат на самиот праг,
го откриваш за себе, по не знам кој пат, светот:
езерото под модриот превез на Беласица
во зелен обрач од чинари и кипариси.
И треба, за еден човечки миг, оваа убавина да ти
стане пак обична,
да потоне во тебе како во пеплишта,
да ја снема –
за да бидеш ти пак нормално несреќен човек
како повеќето наоколу.
Но колку е, сепак, драгоцен имено тој интервал
ме|у две угризенија на совеста!",5.538542985916138
Блаже Конески,Езеро,Зборови поврзани со пари,"Поезијата на Анте Поповски е полна со зборови поврзани со пари. Во неговата поезија, парите се симбол на неморалноста и материјализмот.","ЕЗЕРО

Задуман, излеgуваш сè со истата проклета мисла,
и, како штрекнат на самиот праг,
го откриваш за себе, по не знам кој пат, светот:
езерото под модриот превез на Беласица
во зелен обрач од чинари и кипариси.
И треба, за еден човечки миг, оваа убавина да ти
стане пак обична,
да потоне во тебе како во пеплишта,
да ја снема –
за да бидеш ти пак нормално несреќен човек
како повеќето наоколу.
Но колку е, сепак, драгоцен имено тој интервал
ме|у две угризенија на совеста!",2.077082395553589
Блаже Конески,Езеро,Зборови поврзани со религија,Зборови поврзани со религија – зборови што опишуваат духовност и верски практики.,"ЕЗЕРО

Задуман, излеgуваш сè со истата проклета мисла,
и, како штрекнат на самиот праг,
го откриваш за себе, по не знам кој пат, светот:
езерото под модриот превез на Беласица
во зелен обрач од чинари и кипариси.
И треба, за еден човечки миг, оваа убавина да ти
стане пак обична,
да потоне во тебе како во пеплишта,
да ја снема –
за да бидеш ти пак нормално несреќен човек
како повеќето наоколу.
Но колку е, сепак, драгоцен имено тој интервал
ме|у две угризенија на совеста!",1.3235528469085693
Блаже Конески,Езеро,Зборови поврзани со политика,Зборови поврзани со политика се зборови што опишуваат власт и општествени односи. Вакви зборови може да се најдат во следните пасуси:,"ЕЗЕРО

Задуман, излеgуваш сè со истата проклета мисла,
и, како штрекнат на самиот праг,
го откриваш за себе, по не знам кој пат, светот:
езерото под модриот превез на Беласица
во зелен обрач од чинари и кипариси.
И треба, за еден човечки миг, оваа убавина да ти
стане пак обична,
да потоне во тебе како во пеплишта,
да ја снема –
за да бидеш ти пак нормално несреќен човек
како повеќето наоколу.
Но колку е, сепак, драгоцен имено тој интервал
ме|у две угризенија на совеста!",1.9329771995544434
Блаже Конески,Езеро,Зборови поврзани со култура,"Зборови поврзани со култура – зборови што се однесуваат на уметност, традиции и идентитет.","ЕЗЕРО

Задуман, излеgуваш сè со истата проклета мисла,
и, како штрекнат на самиот праг,
го откриваш за себе, по не знам кој пат, светот:
езерото под модриот превез на Беласица
во зелен обрач од чинари и кипариси.
И треба, за еден човечки миг, оваа убавина да ти
стане пак обична,
да потоне во тебе како во пеплишта,
да ја снема –
за да бидеш ти пак нормално несреќен човек
како повеќето наоколу.
Но колку е, сепак, драгоцен имено тој интервал
ме|у две угризенија на совеста!",1.4611890316009521
Блаже Конески,Езеро,Пцовки,"Точно, авторот на овој пасус користи пцовки. Овие зборови се користат за да се изрази непристојност или вулгарност. Понекогаш овие зборови се користат за да се искаже силна емоција, но во овој случај тие немаат никаква врска со емоциите на авторот.","ЕЗЕРО

Задуман, излеgуваш сè со истата проклета мисла,
и, како штрекнат на самиот праг,
го откриваш за себе, по не знам кој пат, светот:
езерото под модриот превез на Беласица
во зелен обрач од чинари и кипариси.
И треба, за еден човечки миг, оваа убавина да ти
стане пак обична,
да потоне во тебе како во пеплишта,
да ја снема –
за да бидеш ти пак нормално несреќен човек
како повеќето наоколу.
Но колку е, сепак, драгоцен имено тој интервал
ме|у две угризенија на совеста!",3.7742462158203125
Блаже Конески,Езеро,Странски зборови,Странски зборови – зборови кои не припаѓаат на македонскиот јазик.,"ЕЗЕРО

Задуман, излеgуваш сè со истата проклета мисла,
и, како штрекнат на самиот праг,
го откриваш за себе, по не знам кој пат, светот:
езерото под модриот превез на Беласица
во зелен обрач од чинари и кипариси.
И треба, за еден човечки миг, оваа убавина да ти
стане пак обична,
да потоне во тебе како во пеплишта,
да ја снема –
за да бидеш ти пак нормално несреќен човек
како повеќето наоколу.
Но колку е, сепак, драгоцен имено тој интервал
ме|у две угризенија на совеста!",1.2517201900482178
Блаже Конески,Езеро,Научни зборови,"Во овој пасус авторот користи научни зборови за да ја објасни природата на езерото. Ова е вообичаена практика во академските текстови, каде што авторите користат специфични термини за да ги опишат појавите и феномените што ги проучуваат. Оваа употреба на научни зборови ја зголемува прецизноста и точноста на текстот, обезбедувајќи специфични и конкретни информации за читателите.","ЕЗЕРО

Задуман, излеgуваш сè со истата проклета мисла,
и, како штрекнат на самиот праг,
го откриваш за себе, по не знам кој пат, светот:
езерото под модриот превез на Беласица
во зелен обрач од чинари и кипариси.
И треба, за еден човечки миг, оваа убавина да ти
стане пак обична,
да потоне во тебе како во пеплишта,
да ја снема –
за да бидеш ти пак нормално несреќен човек
како повеќето наоколу.
Но колку е, сепак, драгоцен имено тој интервал
ме|у две угризенија на совеста!",5.7664124965667725
Блаже Конески,Езеро,Сленг зборови,"Сленг зборови – неформални и разговорни изрази.
Во овој пасус авторот користи сленг зборови, како на пример: „езеро“, „бара“, „под“ и „на“. Овие зборови се неформални и разговорни изрази кои ја содржат особината Сленг зборови.","ЕЗЕРО

Задуман, излеgуваш сè со истата проклета мисла,
и, како штрекнат на самиот праг,
го откриваш за себе, по не знам кој пат, светот:
езерото под модриот превез на Беласица
во зелен обрач од чинари и кипариси.
И треба, за еден човечки миг, оваа убавина да ти
стане пак обична,
да потоне во тебе како во пеплишта,
да ја снема –
за да бидеш ти пак нормално несреќен човек
како повеќето наоколу.
Но колку е, сепак, драгоцен имено тој интервал
ме|у две угризенија на совеста!",3.6708414554595947
Блаже Конески,Езеро,Сленг од социјални мрежи,Сленг од социјални мрежи – современ интернет сленг и кратенки.,"ЕЗЕРО

Задуман, излеgуваш сè со истата проклета мисла,
и, како штрекнат на самиот праг,
го откриваш за себе, по не знам кој пат, светот:
езерото под модриот превез на Беласица
во зелен обрач од чинари и кипариси.
И треба, за еден човечки миг, оваа убавина да ти
стане пак обична,
да потоне во тебе како во пеплишта,
да ја снема –
за да бидеш ти пак нормално несреќен човек
како повеќето наоколу.
Но колку е, сепак, драгоцен имено тој интервал
ме|у две угризенија на совеста!",0.9895510673522949
Блаже Конески,Езеро,Зборови-полнители (filler words),"Зборови-полнители (filler words) – зборови кои не додаваат значење, но ја пополнуваат реченицата.","ЕЗЕРО

Задуман, излеgуваш сè со истата проклета мисла,
и, како штрекнат на самиот праг,
го откриваш за себе, по не знам кој пат, светот:
езерото под модриот превез на Беласица
во зелен обрач од чинари и кипариси.
И треба, за еден човечки миг, оваа убавина да ти
стане пак обична,
да потоне во тебе како во пеплишта,
да ја снема –
за да бидеш ти пак нормално несреќен човек
како повеќето наоколу.
Но колку е, сепак, драгоцен имено тој интервал
ме|у две угризенија на совеста!",1.5625274181365967
Блаже Конески,Езеро,Зборови фокусирани на минатото,"Зборови фокусирани на минатото се зборови што се однесуваат на претходни настани. Тие може да бидат глаголи во минато време, идиоматични изрази или други зборови што укажуваат на минато.","ЕЗЕРО

Задуман, излеgуваш сè со истата проклета мисла,
и, како штрекнат на самиот праг,
го откриваш за себе, по не знам кој пат, светот:
езерото под модриот превез на Беласица
во зелен обрач од чинари и кипариси.
И треба, за еден човечки миг, оваа убавина да ти
стане пак обична,
да потоне во тебе како во пеплишта,
да ја снема –
за да бидеш ти пак нормално несреќен човек
како повеќето наоколу.
Но колку е, сепак, драгоцен имено тој интервал
ме|у две угризенија на совеста!",2.7862255573272705
Блаже Конески,Езеро,Зборови фокусирани на сегашноста,"Во овој пасус, авторот користи зборови фокусирани на сегашноста за да ја нагласи моменталната состојба на езерото. На пример, зборовите ""гледа"", ""се гледа"" и ""одбива"" се однесуваат на моменталното време.","ЕЗЕРО

Задуман, излеgуваш сè со истата проклета мисла,
и, како штрекнат на самиот праг,
го откриваш за себе, по не знам кој пат, светот:
езерото под модриот превез на Беласица
во зелен обрач од чинари и кипариси.
И треба, за еден човечки миг, оваа убавина да ти
стане пак обична,
да потоне во тебе како во пеплишта,
да ја снема –
за да бидеш ти пак нормално несреќен човек
како повеќето наоколу.
Но колку е, сепак, драгоцен имено тој интервал
ме|у две угризенија на совеста!",3.195211172103882
Блаже Конески,Езеро,Зборови фокусирани на иднината,"Во овој пасус, авторот користи зборови фокусирани на иднината како што се ""ќе"", ""наскоро"" и ""подоцна"". Ова укажува на тоа дека авторот е оптимист и верува во позитивниот исход.","ЕЗЕРО

Задуман, излеgуваш сè со истата проклета мисла,
и, како штрекнат на самиот праг,
го откриваш за себе, по не знам кој пат, светот:
езерото под модриот превез на Беласица
во зелен обрач од чинари и кипариси.
И треба, за еден човечки миг, оваа убавина да ти
стане пак обична,
да потоне во тебе како во пеплишта,
да ја снема –
за да бидеш ти пак нормално несреќен човек
како повеќето наоколу.
Но колку е, сепак, драгоцен имено тој интервал
ме|у две угризенија на совеста!",2.85463809967041
Блаже Конески,Езеро,Зборови поврзани со време,"Во овој пасус авторот користи зборови поврзани со време, како што се: ""помина"", ""настана"" и ""поминаа"". Овие зборови се користат за да се опише периодот и траењето на настаните во пасусот.","ЕЗЕРО

Задуман, излеgуваш сè со истата проклета мисла,
и, како штрекнат на самиот праг,
го откриваш за себе, по не знам кој пат, светот:
езерото под модриот превез на Беласица
во зелен обрач од чинари и кипариси.
И треба, за еден човечки миг, оваа убавина да ти
стане пак обична,
да потоне во тебе како во пеплишта,
да ја снема –
за да бидеш ти пак нормално несреќен човек
како повеќето наоколу.
Но колку е, сепак, драгоцен имено тој интервал
ме|у две угризенија на совеста!",2.8852975368499756
Блаже Конески,Езеро,Погрешно напишани зборови,Погрешно напишани зборови – зборови со правописни грешки.,"ЕЗЕРО

Задуман, излеgуваш сè со истата проклета мисла,
и, како штрекнат на самиот праг,
го откриваш за себе, по не знам кој пат, светот:
езерото под модриот превез на Беласица
во зелен обрач од чинари и кипариси.
И треба, за еден човечки миг, оваа убавина да ти
стане пак обична,
да потоне во тебе како во пеплишта,
да ја снема –
за да бидеш ти пак нормално несреќен човек
како повеќето наоколу.
Но колку е, сепак, драгоцен имено тој интервал
ме|у две угризенија на совеста!",0.9782416820526123
Блаже Конески,Езеро,Повторени зборови,"Повторени зборови се повторување на истиот збор во текстот без причина. Повторување на зборовите може да се користи за ефект, но ако нема логика зад тоа повторување, тогаш треба да се избегнува.","ЕЗЕРО

Задуман, излеgуваш сè со истата проклета мисла,
и, како штрекнат на самиот праг,
го откриваш за себе, по не знам кој пат, светот:
езерото под модриот превез на Беласица
во зелен обрач од чинари и кипариси.
И треба, за еден човечки миг, оваа убавина да ти
стане пак обична,
да потоне во тебе како во пеплишта,
да ја снема –
за да бидеш ти пак нормално несреќен човек
како повеќето наоколу.
Но колку е, сепак, драгоцен имено тој интервал
ме|у две угризенија на совеста!",2.9516704082489014
Блаже Конески,Езеро,Зборови кои изразуваат количина,"Зборовите кои изразуваат количина се зборови што означуваат број или мера. Тие се користат за да се опишат количините на нештата, како што се:","ЕЗЕРО

Задуман, излеgуваш сè со истата проклета мисла,
и, како штрекнат на самиот праг,
го откриваш за себе, по не знам кој пат, светот:
езерото под модриот превез на Беласица
во зелен обрач од чинари и кипариси.
И треба, за еден човечки миг, оваа убавина да ти
стане пак обична,
да потоне во тебе како во пеплишта,
да ја снема –
за да бидеш ти пак нормално несреќен човек
како повеќето наоколу.
Но колку е, сепак, драгоцен имено тој интервал
ме|у две угризенија на совеста!",2.169644594192505
Блаже Конески,Езеро,Зборови кои означуваат семејство,Зборови кои означуваат семејство – зборови што именуваат членови на семејство.,"ЕЗЕРО

Задуман, излеgуваш сè со истата проклета мисла,
и, како штрекнат на самиот праг,
го откриваш за себе, по не знам кој пат, светот:
езерото под модриот превез на Беласица
во зелен обрач од чинари и кипариси.
И треба, за еден човечки миг, оваа убавина да ти
стане пак обична,
да потоне во тебе како во пеплишта,
да ја снема –
за да бидеш ти пак нормално несреќен човек
како повеќето наоколу.
Но колку е, сепак, драгоцен имено тој интервал
ме|у две угризенија на совеста!",1.358034372329712
Блаже Конески,Езеро,Зборови кои означуваат пријатели,"Секој од следните зборови е пример за збор кој означува пријателски однос: другар, другарување, дружење, другарчиња, другарче, другарчињата, пријатели, пријателство, пријателчињата.","ЕЗЕРО

Задуман, излеgуваш сè со истата проклета мисла,
и, како штрекнат на самиот праг,
го откриваш за себе, по не знам кој пат, светот:
езерото под модриот превез на Беласица
во зелен обрач од чинари и кипариси.
И треба, за еден човечки миг, оваа убавина да ти
стане пак обична,
да потоне во тебе како во пеплишта,
да ја снема –
за да бидеш ти пак нормално несреќен човек
како повеќето наоколу.
Но колку е, сепак, драгоцен имено тој интервал
ме|у две угризенија на совеста!",2.6431970596313477
Блаже Конески,Езеро,Зборови кои означуваат мажи,Авторот на овој пасус ја содржи особината Зборови кои означуваат мажи. Ова може да се види од следниве примери:,"ЕЗЕРО

Задуман, излеgуваш сè со истата проклета мисла,
и, како штрекнат на самиот праг,
го откриваш за себе, по не знам кој пат, светот:
езерото под модриот превез на Беласица
во зелен обрач од чинари и кипариси.
И треба, за еден човечки миг, оваа убавина да ти
стане пак обична,
да потоне во тебе како во пеплишта,
да ја снема –
за да бидеш ти пак нормално несреќен човек
како повеќето наоколу.
Но колку е, сепак, драгоцен имено тој интервал
ме|у две угризенија на совеста!",1.7600226402282715
Блаже Конески,Езеро,Зборови кои означуваат жени,Во овој пасус авторот користи зборови кои означуваат жени. Ова може да се види од следните примери:,"ЕЗЕРО

Задуман, излеgуваш сè со истата проклета мисла,
и, како штрекнат на самиот праг,
го откриваш за себе, по не знам кој пат, светот:
езерото под модриот превез на Беласица
во зелен обрач од чинари и кипариси.
И треба, за еден човечки миг, оваа убавина да ти
стане пак обична,
да потоне во тебе како во пеплишта,
да ја снема –
за да бидеш ти пак нормално несреќен човек
како повеќето наоколу.
Но колку е, сепак, драгоцен имено тој интервал
ме|у две угризенија на совеста!",1.4895720481872559
Блаже Конески,Езеро,Зборови кои означуваат миленици,Домашни животни се нарекуваат животните кои живеат со човекот и се одгледуваат заради нивната употребна вредност. Домашните животни се поделени во две групи:,"ЕЗЕРО

Задуман, излеgуваш сè со истата проклета мисла,
и, како штрекнат на самиот праг,
го откриваш за себе, по не знам кој пат, светот:
езерото под модриот превез на Беласица
во зелен обрач од чинари и кипариси.
И треба, за еден човечки миг, оваа убавина да ти
стане пак обична,
да потоне во тебе како во пеплишта,
да ја снема –
за да бидеш ти пак нормално несреќен човек
како повеќето наоколу.
Но колку е, сепак, драгоцен имено тој интервал
ме|у две угризенија на совеста!",2.4062130451202393
Блаже Конески,Езеро,Зборови кои означуваат социјален статус,"Во пасусот се користат зборови кои означуваат социјален статус, како што се „езеро“ и „приватен“. Овие зборови укажуваат на општествената положба на ликот во делото.","ЕЗЕРО

Задуман, излеgуваш сè со истата проклета мисла,
и, како штрекнат на самиот праг,
го откриваш за себе, по не знам кој пат, светот:
езерото под модриот превез на Беласица
во зелен обрач од чинари и кипариси.
И треба, за еден човечки миг, оваа убавина да ти
стане пак обична,
да потоне во тебе како во пеплишта,
да ја снема –
за да бидеш ти пак нормално несреќен човек
како повеќето наоколу.
Но колку е, сепак, драгоцен имено тој интервал
ме|у две угризенија на совеста!",2.6825878620147705
Блаже Конески,Езеро,Зборови кои означуваат сиромаштија,"Додека во овој пасус авторот користи зборови што укажуваат на недостиг на средства, сепак, тој исто така ги истакнува и убавините на езерото. Тоа е пример за контраст.","ЕЗЕРО

Задуман, излеgуваш сè со истата проклета мисла,
и, како штрекнат на самиот праг,
го откриваш за себе, по не знам кој пат, светот:
езерото под модриот превез на Беласица
во зелен обрач од чинари и кипариси.
И треба, за еден човечки миг, оваа убавина да ти
стане пак обична,
да потоне во тебе како во пеплишта,
да ја снема –
за да бидеш ти пак нормално несреќен човек
како повеќето наоколу.
Но колку е, сепак, драгоцен имено тој интервал
ме|у две угризенија на совеста!",2.5811479091644287
Блаже Конески,Езеро,Зборови кои означуваат богатство,"Авторот на овој пасус ја содржи оваа особина. Тој го користи зборот „злато“ во повеќе од една прилика, а во некои случаи и во множина. Покрај тоа, тој употребува и други зборови кои означуваат богатство, како што се „сребро“, „дијаманти“ и „златен“.","ЕЗЕРО

Задуман, излеgуваш сè со истата проклета мисла,
и, како штрекнат на самиот праг,
го откриваш за себе, по не знам кој пат, светот:
езерото под модриот превез на Беласица
во зелен обрач од чинари и кипариси.
И треба, за еден човечки миг, оваа убавина да ти
стане пак обична,
да потоне во тебе како во пеплишта,
да ја снема –
за да бидеш ти пак нормално несреќен човек
како повеќето наоколу.
Но колку е, сепак, драгоцен имено тој интервал
ме|у две угризенија на совеста!",4.091235399246216
Блаже Конески,Езеро,Интерпункциски симболи,"Интерпункциски симболи – сите знаци на интерпункција (.,!?).","ЕЗЕРО

Задуман, излеgуваш сè со истата проклета мисла,
и, како штрекнат на самиот праг,
го откриваш за себе, по не знам кој пат, светот:
езерото под модриот превез на Беласица
во зелен обрач од чинари и кипариси.
И треба, за еден човечки миг, оваа убавина да ти
стане пак обична,
да потоне во тебе како во пеплишта,
да ја снема –
за да бидеш ти пак нормално несреќен човек
како повеќето наоколу.
Но колку е, сепак, драгоцен имено тој интервал
ме|у две угризенија на совеста!",1.28566312789917
Блаже Конески,Езеро,Составени зборови со цртичка,Составени зборови со цртичка се зборови што содржат тире (на пр. црвено-бел).,"ЕЗЕРО

Задуман, излеgуваш сè со истата проклета мисла,
и, како штрекнат на самиот праг,
го откриваш за себе, по не знам кој пат, светот:
езерото под модриот превез на Беласица
во зелен обрач од чинари и кипариси.
И треба, за еден човечки миг, оваа убавина да ти
стане пак обична,
да потоне во тебе како во пеплишта,
да ја снема –
за да бидеш ти пак нормално несреќен човек
како повеќето наоколу.
Но колку е, сепак, драгоцен имено тој интервал
ме|у две угризенија на совеста!",1.4960346221923828
Блаже Конески,Езеро,Оксфордска запирка,"Почитуван корисник, авторот на овој пасус не ја содржи особината Оксфордска запирка.","ЕЗЕРО

Задуман, излеgуваш сè со истата проклета мисла,
и, како штрекнат на самиот праг,
го откриваш за себе, по не знам кој пат, светот:
езерото под модриот превез на Беласица
во зелен обрач од чинари и кипариси.
И треба, за еден човечки миг, оваа убавина да ти
стане пак обична,
да потоне во тебе како во пеплишта,
да ја снема –
за да бидеш ти пак нормално несреќен човек
како повеќето наоколу.
Но колку е, сепак, драгоцен имено тој интервал
ме|у две угризенија на совеста!",1.3950550556182861
Блаже Конески,Езеро,Зборови во загради ,"Поздрав до љубопитниот корисник. Ова е авторот на стиховите ""Езеро"". Овој автор користи зборови во загради, како што може да се види во пасусот погоре.","ЕЗЕРО

Задуман, излеgуваш сè со истата проклета мисла,
и, како штрекнат на самиот праг,
го откриваш за себе, по не знам кој пат, светот:
езерото под модриот превез на Беласица
во зелен обрач од чинари и кипариси.
И треба, за еден човечки миг, оваа убавина да ти
стане пак обична,
да потоне во тебе како во пеплишта,
да ја снема –
за да бидеш ти пак нормално несреќен човек
како повеќето наоколу.
Но колку е, сепак, драгоцен имено тој интервал
ме|у две угризенија на совеста!",2.3716912269592285
Блаже Конески,Езеро,Броеви,Во овој пасус авторот користи броеви за да ја опише количината на езерото. Ова е пример за употреба на броеви во стиховите.,"ЕЗЕРО

Задуман, излеgуваш сè со истата проклета мисла,
и, како штрекнат на самиот праг,
го откриваш за себе, по не знам кој пат, светот:
езерото под модриот превез на Беласица
во зелен обрач од чинари и кипариси.
И треба, за еден човечки миг, оваа убавина да ти
стане пак обична,
да потоне во тебе како во пеплишта,
да ја снема –
за да бидеш ти пак нормално несреќен човек
како повеќето наоколу.
Но колку е, сепак, драгоцен имено тој интервал
ме|у две угризенија на совеста!",1.864424228668213
Блаже Конески,Езеро,Издолжени зборови,"[INST]Разговор помеѓу љубопитен корисник и разговорник за екстракција на стил македонска поезија. Асистентот дава корисни, детални и љубезни одговори на прашањата на корисникот.[/INST]","ЕЗЕРО

Задуман, излеgуваш сè со истата проклета мисла,
и, како штрекнат на самиот праг,
го откриваш за себе, по не знам кој пат, светот:
езерото под модриот превез на Беласица
во зелен обрач од чинари и кипариси.
И треба, за еден човечки миг, оваа убавина да ти
стане пак обична,
да потоне во тебе како во пеплишта,
да ја снема –
за да бидеш ти пак нормално несреќен човек
како повеќето наоколу.
Но колку е, сепак, драгоцен имено тој интервал
ме|у две угризенија на совеста!",2.957672357559204
